{
    "type": "FeatureCollection",
    "features": [
        {
            "type": "Feature",
            "properties": {
                "id": "desde_artes_a_odontologia_sin_milla"
            },
            "geometry": {
                "type": "LineString",
                "coordinates": [
                    [
                        -84.052232,
                        9.935512
                    ],
                    [
                        -84.052302,
                        9.93553
                    ],
                    [
                        -84.052335,
                        9.935543
                    ],
                    [
                        -84.052395,
                        9.9356
                    ],
                    [
                        -84.052428,
                        9.935653
                    ],
                    [
                        -84.05244,
                        9.935719
                    ],
                    [
                        -84.052417,
                        9.935837
                    ],
                    [
                        -84.05238,
                        9.935946
                    ],
                    [
                        -84.052334,
                        9.936088
                    ],
                    [
                        -84.052298,
                        9.936204
                    ],
                    [
                        -84.052271,
                        9.936293
                    ],
                    [
                        -84.052241,
                        9.936392
                    ],
                    [
                        -84.052237,
                        9.936531
                    ],
                    [
                        -84.052259,
                        9.936596
                    ],
                    [
                        -84.052341,
                        9.936616
                    ],
                    [
                        -84.052426,
                        9.936588
                    ],
                    [
                        -84.05245,
                        9.936536
                    ],
                    [
                        -84.052447,
                        9.936449
                    ],
                    [
                        -84.052438,
                        9.936358
                    ],
                    [
                        -84.052426,
                        9.93633
                    ],
                    [
                        -84.052425,
                        9.936301
                    ],
                    [
                        -84.052446,
                        9.936177
                    ],
                    [
                        -84.052469,
                        9.936069
                    ],
                    [
                        -84.052513,
                        9.935866
                    ],
                    [
                        -84.052528,
                        9.935805
                    ],
                    [
                        -84.052535,
                        9.935717
                    ],
                    [
                        -84.052517,
                        9.935629
                    ],
                    [
                        -84.052433,
                        9.93553
                    ],
                    [
                        -84.052351,
                        9.935456
                    ],
                    [
                        -84.052245,
                        9.935416
                    ],
                    [
                        -84.052098,
                        9.935412
                    ],
                    [
                        -84.051767,
                        9.935361
                    ],
                    [
                        -84.051596,
                        9.935335
                    ],
                    [
                        -84.051458,
                        9.935278
                    ],
                    [
                        -84.051052,
                        9.935374
                    ],
                    [
                        -84.050649,
                        9.935485
                    ],
                    [
                        -84.050345,
                        9.935557
                    ],
                    [
                        -84.050141,
                        9.935606
                    ],
                    [
                        -84.049919,
                        9.93564
                    ],
                    [
                        -84.049524,
                        9.935552
                    ],
                    [
                        -84.049317,
                        9.935513
                    ],
                    [
                        -84.049026,
                        9.935448
                    ],
                    [
                        -84.04879,
                        9.93539
                    ],
                    [
                        -84.048645,
                        9.935373
                    ],
                    [
                        -84.048637,
                        9.935277
                    ],
                    [
                        -84.048378,
                        9.935293
                    ],
                    [
                        -84.048124,
                        9.935247
                    ],
                    [
                        -84.047806,
                        9.935142
                    ],
                    [
                        -84.047381,
                        9.935003
                    ],
                    [
                        -84.047086,
                        9.93492
                    ],
                    [
                        -84.04642,
                        9.934797
                    ],
                    [
                        -84.045886,
                        9.934686
                    ],
                    [
                        -84.045614,
                        9.934612
                    ],
                    [
                        -84.045608,
                        9.93481
                    ],
                    [
                        -84.045608,
                        9.934954
                    ],
                    [
                        -84.045587,
                        9.935021
                    ],
                    [
                        -84.045582,
                        9.935251
                    ],
                    [
                        -84.045579,
                        9.935336
                    ],
                    [
                        -84.045528,
                        9.93558
                    ],
                    [
                        -84.045455,
                        9.935661
                    ],
                    [
                        -84.045403,
                        9.935939
                    ],
                    [
                        -84.045356,
                        9.93618
                    ],
                    [
                        -84.045362,
                        9.936299
                    ],
                    [
                        -84.045454,
                        9.936471
                    ],
                    [
                        -84.045549,
                        9.936647
                    ],
                    [
                        -84.045567,
                        9.93668
                    ],
                    [
                        -84.045592,
                        9.936771
                    ],
                    [
                        -84.045588,
                        9.93685
                    ],
                    [
                        -84.045546,
                        9.936939
                    ],
                    [
                        -84.045441,
                        9.937082
                    ],
                    [
                        -84.045279,
                        9.937242
                    ],
                    [
                        -84.045144,
                        9.937332
                    ],
                    [
                        -84.044884,
                        9.937479
                    ],
                    [
                        -84.044685,
                        9.937594
                    ],
                    [
                        -84.044388,
                        9.937757
                    ],
                    [
                        -84.044098,
                        9.937927
                    ],
                    [
                        -84.0438,
                        9.938099
                    ],
                    [
                        -84.043615,
                        9.937961
                    ],
                    [
                        -84.043443,
                        9.937911
                    ],
                    [
                        -84.043219,
                        9.937885
                    ],
                    [
                        -84.042938,
                        9.937925
                    ],
                    [
                        -84.042569,
                        9.937984
                    ],
                    [
                        -84.042476,
                        9.937997
                    ],
                    [
                        -84.042177,
                        9.938136
                    ],
                    [
                        -84.041997,
                        9.938162
                    ],
                    [
                        -84.041849,
                        9.938153
                    ],
                    [
                        -84.041722,
                        9.938127
                    ],
                    [
                        -84.04165,
                        9.938076
                    ],
                    [
                        -84.041632,
                        9.938014
                    ],
                    [
                        -84.041635,
                        9.937919
                    ],
                    [
                        -84.041069,
                        9.937895
                    ],
                    [
                        -84.040928,
                        9.938461
                    ],
                    [
                        -84.040964,
                        9.938688
                    ],
                    [
                        -84.041132,
                        9.938847
                    ],
                    [
                        -84.041655,
                        9.93915
                    ],
                    [
                        -84.041794,
                        9.939284
                    ],
                    [
                        -84.041884,
                        9.939423
                    ],
                    [
                        -84.041907,
                        9.9395
                    ],
                    [
                        -84.042248,
                        9.9395
                    ],
                    [
                        -84.043074,
                        9.939437
                    ],
                    [
                        -84.043329,
                        9.939425
                    ],
                    [
                        -84.043262,
                        9.939723
                    ],
                    [
                        -84.043294,
                        9.939785
                    ],
                    [
                        -84.043382,
                        9.939819
                    ],
                    [
                        -84.044031,
                        9.939988
                    ],
                    [
                        -84.044666,
                        9.94016
                    ],
                    [
                        -84.044825,
                        9.940269
                    ],
                    [
                        -84.045187,
                        9.940365
                    ],
                    [
                        -84.045629,
                        9.940488
                    ],
                    [
                        -84.045593,
                        9.940636
                    ],
                    [
                        -84.045069,
                        9.940792
                    ],
                    [
                        -84.044751,
                        9.940949
                    ],
                    [
                        -84.044652,
                        9.941045
                    ],
                    [
                        -84.044413,
                        9.941228
                    ],
                    [
                        -84.04392,
                        9.941689
                    ],
                    [
                        -84.043443,
                        9.942062
                    ],
                    [
                        -84.043044,
                        9.942349
                    ],
                    [
                        -84.042617,
                        9.942648
                    ],
                    [
                        -84.042304,
                        9.9429
                    ],
                    [
                        -84.042017,
                        9.943062
                    ],
                    [
                        -84.041827,
                        9.943159
                    ],
                    [
                        -84.041836,
                        9.943531
                    ],
                    [
                        -84.041786,
                        9.943807
                    ],
                    [
                        -84.041762,
                        9.943985
                    ],
                    [
                        -84.041967,
                        9.944074
                    ],
                    [
                        -84.042192,
                        9.944116
                    ],
                    [
                        -84.042474,
                        9.944102
                    ],
                    [
                        -84.042712,
                        9.944082
                    ],
                    [
                        -84.042904,
                        9.944082
                    ],
                    [
                        -84.042914,
                        9.943889
                    ],
                    [
                        -84.042914,
                        9.94372
                    ],
                    [
                        -84.042883,
                        9.943517
                    ],
                    [
                        -84.042857,
                        9.943303
                    ],
                    [
                        -84.042842,
                        9.943216
                    ],
                    [
                        -84.042919,
                        9.943201
                    ],
                    [
                        -84.043064,
                        9.943237
                    ],
                    [
                        -84.043225,
                        9.943335
                    ],
                    [
                        -84.043539,
                        9.943449
                    ],
                    [
                        -84.043737,
                        9.943465
                    ],
                    [
                        -84.044043,
                        9.943522
                    ],
                    [
                        -84.044274,
                        9.943595
                    ],
                    [
                        -84.044514,
                        9.943701
                    ],
                    [
                        -84.04475,
                        9.943798
                    ],
                    [
                        -84.044878,
                        9.943877
                    ],
                    [
                        -84.04495,
                        9.943965
                    ],
                    [
                        -84.045007,
                        9.944544
                    ],
                    [
                        -84.04501,
                        9.944949
                    ],
                    [
                        -84.045073,
                        9.945035
                    ],
                    [
                        -84.045399,
                        9.945066
                    ],
                    [
                        -84.0455,
                        9.945094
                    ],
                    [
                        -84.045538,
                        9.945166
                    ],
                    [
                        -84.045502,
                        9.945693
                    ],
                    [
                        -84.045457,
                        9.945768
                    ],
                    [
                        -84.045357,
                        9.945819
                    ],
                    [
                        -84.045249,
                        9.945868
                    ],
                    [
                        -84.045175,
                        9.945945
                    ],
                    [
                        -84.04515,
                        9.946289
                    ],
                    [
                        -84.045162,
                        9.946388
                    ],
                    [
                        -84.045199,
                        9.946445
                    ],
                    [
                        -84.045251,
                        9.94649
                    ]
                ]
            }
        },
        {
            "type": "Feature",
            "properties": {
                "id": "desde_artes_con_milla"
            },
            "geometry": {
                "type": "LineString",
                "coordinates": [
                    [
                        -84.05222,
                        9.935511
                    ],
                    [
                        -84.052293,
                        9.935531
                    ],
                    [
                        -84.052335,
                        9.935547
                    ],
                    [
                        -84.052389,
                        9.9356
                    ],
                    [
                        -84.052427,
                        9.935657
                    ],
                    [
                        -84.052439,
                        9.935724
                    ],
                    [
                        -84.052416,
                        9.935838
                    ],
                    [
                        -84.0524,
                        9.935893
                    ],
                    [
                        -84.05238,
                        9.935948
                    ],
                    [
                        -84.052303,
                        9.936186
                    ],
                    [
                        -84.052241,
                        9.936397
                    ],
                    [
                        -84.052236,
                        9.936536
                    ],
                    [
                        -84.052308,
                        9.936737
                    ],
                    [
                        -84.052432,
                        9.937086
                    ],
                    [
                        -84.052529,
                        9.937336
                    ],
                    [
                        -84.052644,
                        9.93758
                    ],
                    [
                        -84.052704,
                        9.937749
                    ],
                    [
                        -84.052711,
                        9.937792
                    ],
                    [
                        -84.05272,
                        9.937871
                    ],
                    [
                        -84.052724,
                        9.937951
                    ],
                    [
                        -84.052717,
                        9.938022
                    ],
                    [
                        -84.052704,
                        9.938094
                    ],
                    [
                        -84.052634,
                        9.938156
                    ],
                    [
                        -84.052444,
                        9.938249
                    ],
                    [
                        -84.052121,
                        9.938402
                    ],
                    [
                        -84.051871,
                        9.93859
                    ],
                    [
                        -84.051715,
                        9.938716
                    ],
                    [
                        -84.051552,
                        9.938838
                    ],
                    [
                        -84.051447,
                        9.938905
                    ],
                    [
                        -84.051298,
                        9.938978
                    ],
                    [
                        -84.051128,
                        9.939019
                    ],
                    [
                        -84.050918,
                        9.939054
                    ],
                    [
                        -84.050359,
                        9.939084
                    ],
                    [
                        -84.050118,
                        9.939103
                    ],
                    [
                        -84.04994,
                        9.939107
                    ],
                    [
                        -84.049765,
                        9.939107
                    ],
                    [
                        -84.049644,
                        9.939067
                    ],
                    [
                        -84.0495,
                        9.938977
                    ],
                    [
                        -84.049284,
                        9.938799
                    ],
                    [
                        -84.048926,
                        9.938526
                    ],
                    [
                        -84.048642,
                        9.938313
                    ],
                    [
                        -84.048465,
                        9.938161
                    ],
                    [
                        -84.048304,
                        9.938013
                    ],
                    [
                        -84.047946,
                        9.937673
                    ],
                    [
                        -84.047904,
                        9.937629
                    ],
                    [
                        -84.047866,
                        9.937582
                    ],
                    [
                        -84.047837,
                        9.937541
                    ],
                    [
                        -84.047811,
                        9.937498
                    ],
                    [
                        -84.04779,
                        9.937455
                    ],
                    [
                        -84.04776,
                        9.937365
                    ],
                    [
                        -84.047759,
                        9.937261
                    ],
                    [
                        -84.047794,
                        9.937075
                    ],
                    [
                        -84.047872,
                        9.936815
                    ],
                    [
                        -84.047948,
                        9.936573
                    ],
                    [
                        -84.048064,
                        9.936222
                    ],
                    [
                        -84.048125,
                        9.936025
                    ],
                    [
                        -84.048183,
                        9.935856
                    ],
                    [
                        -84.048252,
                        9.935709
                    ],
                    [
                        -84.048287,
                        9.935632
                    ],
                    [
                        -84.048353,
                        9.93556
                    ],
                    [
                        -84.048435,
                        9.935498
                    ],
                    [
                        -84.048557,
                        9.935465
                    ],
                    [
                        -84.048655,
                        9.935455
                    ],
                    [
                        -84.048635,
                        9.93528
                    ],
                    [
                        -84.048379,
                        9.935298
                    ],
                    [
                        -84.048129,
                        9.935253
                    ],
                    [
                        -84.047746,
                        9.935128
                    ],
                    [
                        -84.047106,
                        9.934927
                    ],
                    [
                        -84.046355,
                        9.934789
                    ],
                    [
                        -84.045875,
                        9.934691
                    ],
                    [
                        -84.045614,
                        9.934621
                    ],
                    [
                        -84.045607,
                        9.934893
                    ],
                    [
                        -84.045606,
                        9.93496
                    ],
                    [
                        -84.045588,
                        9.935026
                    ],
                    [
                        -84.045579,
                        9.93534
                    ],
                    [
                        -84.045537,
                        9.935531
                    ],
                    [
                        -84.045526,
                        9.935585
                    ],
                    [
                        -84.045452,
                        9.935666
                    ],
                    [
                        -84.045387,
                        9.93603
                    ],
                    [
                        -84.04535,
                        9.936199
                    ],
                    [
                        -84.045362,
                        9.9363
                    ],
                    [
                        -84.045476,
                        9.936519
                    ],
                    [
                        -84.045565,
                        9.936684
                    ],
                    [
                        -84.045589,
                        9.936773
                    ],
                    [
                        -84.045587,
                        9.936853
                    ],
                    [
                        -84.045544,
                        9.936945
                    ],
                    [
                        -84.04544,
                        9.937084
                    ],
                    [
                        -84.04531,
                        9.937216
                    ],
                    [
                        -84.045276,
                        9.937248
                    ],
                    [
                        -84.045123,
                        9.937347
                    ],
                    [
                        -84.044819,
                        9.937521
                    ],
                    [
                        -84.044542,
                        9.937674
                    ],
                    [
                        -84.044219,
                        9.937858
                    ],
                    [
                        -84.043798,
                        9.938104
                    ],
                    [
                        -84.043613,
                        9.937966
                    ],
                    [
                        -84.043441,
                        9.937914
                    ],
                    [
                        -84.043218,
                        9.937888
                    ],
                    [
                        -84.042939,
                        9.937928
                    ],
                    [
                        -84.042525,
                        9.937996
                    ],
                    [
                        -84.042472,
                        9.938005
                    ],
                    [
                        -84.042175,
                        9.93814
                    ],
                    [
                        -84.041999,
                        9.938166
                    ],
                    [
                        -84.041847,
                        9.938159
                    ],
                    [
                        -84.041721,
                        9.938128
                    ],
                    [
                        -84.041683,
                        9.938105
                    ],
                    [
                        -84.041649,
                        9.938078
                    ],
                    [
                        -84.041635,
                        9.938047
                    ],
                    [
                        -84.041632,
                        9.938015
                    ],
                    [
                        -84.041635,
                        9.937924
                    ],
                    [
                        -84.041067,
                        9.937901
                    ],
                    [
                        -84.040928,
                        9.938464
                    ],
                    [
                        -84.040962,
                        9.938687
                    ],
                    [
                        -84.041134,
                        9.938852
                    ],
                    [
                        -84.041647,
                        9.939155
                    ],
                    [
                        -84.041789,
                        9.939289
                    ],
                    [
                        -84.041881,
                        9.939435
                    ],
                    [
                        -84.041906,
                        9.939502
                    ],
                    [
                        -84.042239,
                        9.939502
                    ],
                    [
                        -84.04252,
                        9.939494
                    ],
                    [
                        -84.042999,
                        9.939455
                    ],
                    [
                        -84.043332,
                        9.939427
                    ],
                    [
                        -84.043261,
                        9.939728
                    ],
                    [
                        -84.043294,
                        9.939791
                    ],
                    [
                        -84.043375,
                        9.939823
                    ],
                    [
                        -84.043715,
                        9.939913
                    ],
                    [
                        -84.044129,
                        9.94002
                    ],
                    [
                        -84.044667,
                        9.940166
                    ],
                    [
                        -84.044824,
                        9.940271
                    ],
                    [
                        -84.04563,
                        9.940489
                    ],
                    [
                        -84.045594,
                        9.940642
                    ],
                    [
                        -84.045069,
                        9.940798
                    ],
                    [
                        -84.044748,
                        9.94095
                    ],
                    [
                        -84.044652,
                        9.941052
                    ],
                    [
                        -84.043806,
                        9.941763
                    ],
                    [
                        -84.04338,
                        9.942089
                    ],
                    [
                        -84.042742,
                        9.942545
                    ],
                    [
                        -84.042196,
                        9.942965
                    ],
                    [
                        -84.041848,
                        9.943155
                    ],
                    [
                        -84.041838,
                        9.943533
                    ],
                    [
                        -84.041792,
                        9.94383
                    ],
                    [
                        -84.041799,
                        9.94401
                    ],
                    [
                        -84.042015,
                        9.944087
                    ],
                    [
                        -84.042257,
                        9.944107
                    ],
                    [
                        -84.042544,
                        9.944094
                    ],
                    [
                        -84.042793,
                        9.944074
                    ],
                    [
                        -84.042924,
                        9.944074
                    ],
                    [
                        -84.042904,
                        9.94372
                    ],
                    [
                        -84.042871,
                        9.943392
                    ],
                    [
                        -84.042852,
                        9.943192
                    ],
                    [
                        -84.043107,
                        9.943256
                    ],
                    [
                        -84.043349,
                        9.943404
                    ],
                    [
                        -84.043545,
                        9.943443
                    ],
                    [
                        -84.043944,
                        9.943488
                    ],
                    [
                        -84.044264,
                        9.943591
                    ],
                    [
                        -84.044466,
                        9.943672
                    ],
                    [
                        -84.044752,
                        9.943801
                    ],
                    [
                        -84.044881,
                        9.94388
                    ],
                    [
                        -84.04495,
                        9.94397
                    ],
                    [
                        -84.044988,
                        9.944334
                    ],
                    [
                        -84.045008,
                        9.944574
                    ],
                    [
                        -84.045008,
                        9.944954
                    ],
                    [
                        -84.045079,
                        9.945046
                    ],
                    [
                        -84.045396,
                        9.945071
                    ],
                    [
                        -84.0455,
                        9.945099
                    ],
                    [
                        -84.045536,
                        9.945173
                    ],
                    [
                        -84.045501,
                        9.945696
                    ],
                    [
                        -84.045458,
                        9.945767
                    ],
                    [
                        -84.045247,
                        9.945874
                    ],
                    [
                        -84.045175,
                        9.945947
                    ],
                    [
                        -84.045147,
                        9.946292
                    ],
                    [
                        -84.045161,
                        9.946391
                    ],
                    [
                        -84.045199,
                        9.946451
                    ],
                    [
                        -84.045256,
                        9.946497
                    ]
                ]
            }
        },
        {
            "type": "Feature",
            "properties": {
                "id": "desde_educacion_a_odontologia_con_milla"
            },
            "geometry": {
                "type": "LineString",
                "coordinates": [
                    [
                        -84.049111,
                        9.935546
                    ],
                    [
                        -84.049232,
                        9.935573
                    ],
                    [
                        -84.049324,
                        9.935597
                    ],
                    [
                        -84.049504,
                        9.935668
                    ],
                    [
                        -84.049598,
                        9.935702
                    ],
                    [
                        -84.049691,
                        9.93571
                    ],
                    [
                        -84.049849,
                        9.935711
                    ],
                    [
                        -84.050089,
                        9.935702
                    ],
                    [
                        -84.050324,
                        9.935668
                    ],
                    [
                        -84.050536,
                        9.935628
                    ],
                    [
                        -84.050759,
                        9.935586
                    ],
                    [
                        -84.051035,
                        9.935539
                    ],
                    [
                        -84.051354,
                        9.935487
                    ],
                    [
                        -84.051694,
                        9.935446
                    ],
                    [
                        -84.051768,
                        9.935444
                    ],
                    [
                        -84.052191,
                        9.935498
                    ],
                    [
                        -84.052275,
                        9.935521
                    ],
                    [
                        -84.052342,
                        9.935545
                    ],
                    [
                        -84.052398,
                        9.935602
                    ],
                    [
                        -84.052432,
                        9.935658
                    ],
                    [
                        -84.052443,
                        9.935721
                    ],
                    [
                        -84.052419,
                        9.935839
                    ],
                    [
                        -84.052347,
                        9.936055
                    ],
                    [
                        -84.05228,
                        9.936274
                    ],
                    [
                        -84.052244,
                        9.936394
                    ],
                    [
                        -84.052239,
                        9.936533
                    ],
                    [
                        -84.052335,
                        9.936798
                    ],
                    [
                        -84.052431,
                        9.937069
                    ],
                    [
                        -84.052538,
                        9.93735
                    ],
                    [
                        -84.052644,
                        9.937571
                    ],
                    [
                        -84.052703,
                        9.937741
                    ],
                    [
                        -84.052715,
                        9.93779
                    ],
                    [
                        -84.052727,
                        9.937946
                    ],
                    [
                        -84.052708,
                        9.938092
                    ],
                    [
                        -84.052636,
                        9.938155
                    ],
                    [
                        -84.052125,
                        9.938401
                    ],
                    [
                        -84.051894,
                        9.938571
                    ],
                    [
                        -84.051616,
                        9.938792
                    ],
                    [
                        -84.051456,
                        9.938901
                    ],
                    [
                        -84.051302,
                        9.938975
                    ],
                    [
                        -84.051135,
                        9.939014
                    ],
                    [
                        -84.050922,
                        9.939051
                    ],
                    [
                        -84.050601,
                        9.939066
                    ],
                    [
                        -84.050124,
                        9.939099
                    ],
                    [
                        -84.049766,
                        9.939103
                    ],
                    [
                        -84.049653,
                        9.939065
                    ],
                    [
                        -84.049513,
                        9.938977
                    ],
                    [
                        -84.049312,
                        9.938815
                    ],
                    [
                        -84.049028,
                        9.938604
                    ],
                    [
                        -84.048865,
                        9.938476
                    ],
                    [
                        -84.048643,
                        9.938308
                    ],
                    [
                        -84.048437,
                        9.938128
                    ],
                    [
                        -84.048277,
                        9.937981
                    ],
                    [
                        -84.047957,
                        9.93768
                    ],
                    [
                        -84.047911,
                        9.937633
                    ],
                    [
                        -84.047872,
                        9.937583
                    ],
                    [
                        -84.04784,
                        9.937539
                    ],
                    [
                        -84.047814,
                        9.937494
                    ],
                    [
                        -84.047792,
                        9.93745
                    ],
                    [
                        -84.047761,
                        9.937359
                    ],
                    [
                        -84.047761,
                        9.937249
                    ],
                    [
                        -84.047778,
                        9.937152
                    ],
                    [
                        -84.047799,
                        9.937057
                    ],
                    [
                        -84.0479,
                        9.936729
                    ],
                    [
                        -84.047994,
                        9.936439
                    ],
                    [
                        -84.048121,
                        9.936055
                    ],
                    [
                        -84.04815,
                        9.935948
                    ],
                    [
                        -84.048193,
                        9.935847
                    ],
                    [
                        -84.04829,
                        9.935624
                    ],
                    [
                        -84.048354,
                        9.935556
                    ],
                    [
                        -84.048396,
                        9.935524
                    ],
                    [
                        -84.048436,
                        9.935493
                    ],
                    [
                        -84.048556,
                        9.935459
                    ],
                    [
                        -84.048608,
                        9.935454
                    ],
                    [
                        -84.048658,
                        9.935453
                    ],
                    [
                        -84.048638,
                        9.935277
                    ],
                    [
                        -84.048385,
                        9.935294
                    ],
                    [
                        -84.048125,
                        9.935248
                    ],
                    [
                        -84.047688,
                        9.935105
                    ],
                    [
                        -84.047105,
                        9.934923
                    ],
                    [
                        -84.046371,
                        9.934788
                    ],
                    [
                        -84.045881,
                        9.934687
                    ],
                    [
                        -84.045615,
                        9.934617
                    ],
                    [
                        -84.045616,
                        9.934665
                    ],
                    [
                        -84.04561,
                        9.934954
                    ],
                    [
                        -84.045589,
                        9.935019
                    ],
                    [
                        -84.045583,
                        9.935333
                    ],
                    [
                        -84.045531,
                        9.935582
                    ],
                    [
                        -84.045459,
                        9.935654
                    ],
                    [
                        -84.045394,
                        9.936014
                    ],
                    [
                        -84.045357,
                        9.936183
                    ],
                    [
                        -84.045357,
                        9.936241
                    ],
                    [
                        -84.045364,
                        9.936298
                    ],
                    [
                        -84.045522,
                        9.936593
                    ],
                    [
                        -84.04557,
                        9.93668
                    ],
                    [
                        -84.045596,
                        9.936769
                    ],
                    [
                        -84.045588,
                        9.936853
                    ],
                    [
                        -84.045549,
                        9.936942
                    ],
                    [
                        -84.045445,
                        9.937081
                    ],
                    [
                        -84.045282,
                        9.937243
                    ],
                    [
                        -84.045125,
                        9.937346
                    ],
                    [
                        -84.044872,
                        9.937487
                    ],
                    [
                        -84.044648,
                        9.937619
                    ],
                    [
                        -84.0443,
                        9.937811
                    ],
                    [
                        -84.043993,
                        9.937991
                    ],
                    [
                        -84.043803,
                        9.938102
                    ],
                    [
                        -84.043617,
                        9.937964
                    ],
                    [
                        -84.043444,
                        9.937911
                    ],
                    [
                        -84.043219,
                        9.937886
                    ],
                    [
                        -84.042936,
                        9.937927
                    ],
                    [
                        -84.042481,
                        9.938001
                    ],
                    [
                        -84.042177,
                        9.938138
                    ],
                    [
                        -84.041999,
                        9.938164
                    ],
                    [
                        -84.041851,
                        9.938155
                    ],
                    [
                        -84.041726,
                        9.938126
                    ],
                    [
                        -84.041653,
                        9.938076
                    ],
                    [
                        -84.041638,
                        9.938043
                    ],
                    [
                        -84.041636,
                        9.938013
                    ],
                    [
                        -84.041638,
                        9.937922
                    ],
                    [
                        -84.041212,
                        9.937902
                    ],
                    [
                        -84.041069,
                        9.937895
                    ],
                    [
                        -84.040969,
                        9.9383
                    ],
                    [
                        -84.04093,
                        9.938462
                    ],
                    [
                        -84.040968,
                        9.938689
                    ],
                    [
                        -84.041137,
                        9.938848
                    ],
                    [
                        -84.041657,
                        9.939154
                    ],
                    [
                        -84.041794,
                        9.939285
                    ],
                    [
                        -84.041888,
                        9.93943
                    ],
                    [
                        -84.041909,
                        9.939502
                    ],
                    [
                        -84.042243,
                        9.939504
                    ],
                    [
                        -84.04252,
                        9.939486
                    ],
                    [
                        -84.043025,
                        9.939445
                    ],
                    [
                        -84.043336,
                        9.939423
                    ],
                    [
                        -84.043266,
                        9.939724
                    ],
                    [
                        -84.043299,
                        9.939787
                    ],
                    [
                        -84.043381,
                        9.939817
                    ],
                    [
                        -84.04376,
                        9.93992
                    ],
                    [
                        -84.044317,
                        9.94007
                    ],
                    [
                        -84.044674,
                        9.940165
                    ],
                    [
                        -84.044827,
                        9.94027
                    ],
                    [
                        -84.045244,
                        9.940382
                    ],
                    [
                        -84.045633,
                        9.940489
                    ],
                    [
                        -84.045622,
                        9.940665
                    ],
                    [
                        -84.04516,
                        9.940798
                    ],
                    [
                        -84.0448,
                        9.940953
                    ],
                    [
                        -84.044395,
                        9.941275
                    ],
                    [
                        -84.043979,
                        9.941629
                    ],
                    [
                        -84.043518,
                        9.942006
                    ],
                    [
                        -84.043068,
                        9.942317
                    ],
                    [
                        -84.042752,
                        9.94256
                    ],
                    [
                        -84.042415,
                        9.942815
                    ],
                    [
                        -84.042055,
                        9.943026
                    ],
                    [
                        -84.041841,
                        9.943214
                    ],
                    [
                        -84.041819,
                        9.943602
                    ],
                    [
                        -84.04174,
                        9.943957
                    ],
                    [
                        -84.041864,
                        9.944034
                    ],
                    [
                        -84.0421,
                        9.944112
                    ],
                    [
                        -84.042347,
                        9.944112
                    ],
                    [
                        -84.042651,
                        9.944101
                    ],
                    [
                        -84.042916,
                        9.944066
                    ],
                    [
                        -84.04287,
                        9.943213
                    ],
                    [
                        -84.043118,
                        9.943268
                    ],
                    [
                        -84.043411,
                        9.943424
                    ],
                    [
                        -84.043737,
                        9.943468
                    ],
                    [
                        -84.044108,
                        9.943534
                    ],
                    [
                        -84.044471,
                        9.943669
                    ],
                    [
                        -84.044754,
                        9.9438
                    ],
                    [
                        -84.044885,
                        9.943881
                    ],
                    [
                        -84.044955,
                        9.943966
                    ],
                    [
                        -84.044993,
                        9.944334
                    ],
                    [
                        -84.045014,
                        9.944574
                    ],
                    [
                        -84.045011,
                        9.944952
                    ],
                    [
                        -84.045083,
                        9.945037
                    ],
                    [
                        -84.04539,
                        9.945068
                    ],
                    [
                        -84.045502,
                        9.945094
                    ],
                    [
                        -84.045542,
                        9.945167
                    ],
                    [
                        -84.045504,
                        9.945694
                    ],
                    [
                        -84.045465,
                        9.945762
                    ],
                    [
                        -84.045255,
                        9.945869
                    ],
                    [
                        -84.045178,
                        9.945946
                    ],
                    [
                        -84.045153,
                        9.946291
                    ],
                    [
                        -84.045164,
                        9.946388
                    ],
                    [
                        -84.045203,
                        9.946449
                    ],
                    [
                        -84.045246,
                        9.946489
                    ]
                ]
            }
        },
        {
            "type": "Feature",
            "properties": {
                "id": "desde_educacion_a_odontologia_sin_milla"
            },
            "geometry": {
                "type": "LineString",
                "coordinates": [
                    [
                        -84.049114,
                        9.935549
                    ],
                    [
                        -84.049158,
                        9.935559
                    ],
                    [
                        -84.049224,
                        9.935574
                    ],
                    [
                        -84.049325,
                        9.9356
                    ],
                    [
                        -84.049417,
                        9.935638
                    ],
                    [
                        -84.049537,
                        9.935684
                    ],
                    [
                        -84.049595,
                        9.935703
                    ],
                    [
                        -84.049687,
                        9.935711
                    ],
                    [
                        -84.049846,
                        9.935713
                    ],
                    [
                        -84.050088,
                        9.935704
                    ],
                    [
                        -84.050351,
                        9.935665
                    ],
                    [
                        -84.050594,
                        9.935618
                    ],
                    [
                        -84.050878,
                        9.935565
                    ],
                    [
                        -84.051109,
                        9.935529
                    ],
                    [
                        -84.051393,
                        9.935482
                    ],
                    [
                        -84.051641,
                        9.935453
                    ],
                    [
                        -84.051694,
                        9.935447
                    ],
                    [
                        -84.051754,
                        9.935447
                    ],
                    [
                        -84.051958,
                        9.935466
                    ],
                    [
                        -84.052131,
                        9.935489
                    ],
                    [
                        -84.052224,
                        9.935505
                    ],
                    [
                        -84.052334,
                        9.935546
                    ],
                    [
                        -84.052391,
                        9.9356
                    ],
                    [
                        -84.052428,
                        9.935656
                    ],
                    [
                        -84.052441,
                        9.935721
                    ],
                    [
                        -84.052418,
                        9.935836
                    ],
                    [
                        -84.052353,
                        9.936033
                    ],
                    [
                        -84.052283,
                        9.936257
                    ],
                    [
                        -84.052243,
                        9.936393
                    ],
                    [
                        -84.052237,
                        9.936536
                    ],
                    [
                        -84.05226,
                        9.9366
                    ],
                    [
                        -84.052342,
                        9.93662
                    ],
                    [
                        -84.052428,
                        9.936591
                    ],
                    [
                        -84.05245,
                        9.936539
                    ],
                    [
                        -84.052448,
                        9.936454
                    ],
                    [
                        -84.052439,
                        9.936361
                    ],
                    [
                        -84.052427,
                        9.936334
                    ],
                    [
                        -84.052427,
                        9.936304
                    ],
                    [
                        -84.052447,
                        9.936181
                    ],
                    [
                        -84.052484,
                        9.936007
                    ],
                    [
                        -84.052528,
                        9.935811
                    ],
                    [
                        -84.052536,
                        9.935719
                    ],
                    [
                        -84.052518,
                        9.935632
                    ],
                    [
                        -84.052433,
                        9.935533
                    ],
                    [
                        -84.052351,
                        9.93546
                    ],
                    [
                        -84.052245,
                        9.935421
                    ],
                    [
                        -84.052101,
                        9.935417
                    ],
                    [
                        -84.051856,
                        9.935378
                    ],
                    [
                        -84.051596,
                        9.935338
                    ],
                    [
                        -84.051528,
                        9.935314
                    ],
                    [
                        -84.051461,
                        9.935281
                    ],
                    [
                        -84.051045,
                        9.93538
                    ],
                    [
                        -84.050639,
                        9.935492
                    ],
                    [
                        -84.050143,
                        9.935609
                    ],
                    [
                        -84.049915,
                        9.935645
                    ],
                    [
                        -84.049544,
                        9.935559
                    ],
                    [
                        -84.049203,
                        9.935494
                    ],
                    [
                        -84.048785,
                        9.935393
                    ],
                    [
                        -84.048646,
                        9.935376
                    ],
                    [
                        -84.048637,
                        9.93528
                    ],
                    [
                        -84.048382,
                        9.935298
                    ],
                    [
                        -84.048124,
                        9.935249
                    ],
                    [
                        -84.047751,
                        9.935126
                    ],
                    [
                        -84.047385,
                        9.935005
                    ],
                    [
                        -84.047095,
                        9.934924
                    ],
                    [
                        -84.046441,
                        9.934807
                    ],
                    [
                        -84.045849,
                        9.93468
                    ],
                    [
                        -84.045615,
                        9.934616
                    ],
                    [
                        -84.045608,
                        9.934956
                    ],
                    [
                        -84.045587,
                        9.935025
                    ],
                    [
                        -84.045581,
                        9.935336
                    ],
                    [
                        -84.045529,
                        9.935582
                    ],
                    [
                        -84.045455,
                        9.935664
                    ],
                    [
                        -84.045412,
                        9.935912
                    ],
                    [
                        -84.045357,
                        9.936183
                    ],
                    [
                        -84.045365,
                        9.936303
                    ],
                    [
                        -84.045437,
                        9.936444
                    ],
                    [
                        -84.045568,
                        9.936683
                    ],
                    [
                        -84.045592,
                        9.936772
                    ],
                    [
                        -84.045587,
                        9.936853
                    ],
                    [
                        -84.045547,
                        9.936942
                    ],
                    [
                        -84.045442,
                        9.937085
                    ],
                    [
                        -84.045279,
                        9.937246
                    ],
                    [
                        -84.045138,
                        9.937338
                    ],
                    [
                        -84.044753,
                        9.93756
                    ],
                    [
                        -84.044359,
                        9.937777
                    ],
                    [
                        -84.043802,
                        9.938104
                    ],
                    [
                        -84.043617,
                        9.937965
                    ],
                    [
                        -84.043446,
                        9.937915
                    ],
                    [
                        -84.04322,
                        9.93789
                    ],
                    [
                        -84.042989,
                        9.93792
                    ],
                    [
                        -84.042601,
                        9.93798
                    ],
                    [
                        -84.04248,
                        9.938004
                    ],
                    [
                        -84.042178,
                        9.938138
                    ],
                    [
                        -84.041996,
                        9.938165
                    ],
                    [
                        -84.04185,
                        9.938158
                    ],
                    [
                        -84.041725,
                        9.938129
                    ],
                    [
                        -84.041645,
                        9.938072
                    ],
                    [
                        -84.041636,
                        9.938017
                    ],
                    [
                        -84.041638,
                        9.937922
                    ],
                    [
                        -84.041136,
                        9.937901
                    ],
                    [
                        -84.041068,
                        9.937897
                    ],
                    [
                        -84.040929,
                        9.938464
                    ],
                    [
                        -84.040965,
                        9.93869
                    ],
                    [
                        -84.041134,
                        9.938852
                    ],
                    [
                        -84.041655,
                        9.939158
                    ],
                    [
                        -84.041794,
                        9.939289
                    ],
                    [
                        -84.041884,
                        9.939433
                    ],
                    [
                        -84.041907,
                        9.939503
                    ],
                    [
                        -84.042227,
                        9.939504
                    ],
                    [
                        -84.042512,
                        9.939492
                    ],
                    [
                        -84.042918,
                        9.939457
                    ],
                    [
                        -84.043333,
                        9.939425
                    ],
                    [
                        -84.043263,
                        9.939728
                    ],
                    [
                        -84.043296,
                        9.93979
                    ],
                    [
                        -84.043373,
                        9.939819
                    ],
                    [
                        -84.044313,
                        9.940071
                    ],
                    [
                        -84.044669,
                        9.940166
                    ],
                    [
                        -84.044827,
                        9.940272
                    ],
                    [
                        -84.04554,
                        9.940462
                    ],
                    [
                        -84.04563,
                        9.940491
                    ],
                    [
                        -84.045598,
                        9.940638
                    ],
                    [
                        -84.045069,
                        9.940797
                    ],
                    [
                        -84.044747,
                        9.940954
                    ],
                    [
                        -84.044068,
                        9.941547
                    ],
                    [
                        -84.043643,
                        9.941918
                    ],
                    [
                        -84.043327,
                        9.942121
                    ],
                    [
                        -84.042926,
                        9.942396
                    ],
                    [
                        -84.042634,
                        9.942659
                    ],
                    [
                        -84.042306,
                        9.942863
                    ],
                    [
                        -84.04182,
                        9.943162
                    ],
                    [
                        -84.041845,
                        9.943353
                    ],
                    [
                        -84.04182,
                        9.943653
                    ],
                    [
                        -84.041735,
                        9.94394
                    ],
                    [
                        -84.041881,
                        9.944059
                    ],
                    [
                        -84.042221,
                        9.944119
                    ],
                    [
                        -84.042501,
                        9.944107
                    ],
                    [
                        -84.042926,
                        9.944106
                    ],
                    [
                        -84.042926,
                        9.94389
                    ],
                    [
                        -84.042889,
                        9.943603
                    ],
                    [
                        -84.042877,
                        9.943185
                    ],
                    [
                        -84.043193,
                        9.943316
                    ],
                    [
                        -84.04346,
                        9.943448
                    ],
                    [
                        -84.043752,
                        9.943484
                    ],
                    [
                        -84.044189,
                        9.943555
                    ],
                    [
                        -84.044466,
                        9.943674
                    ],
                    [
                        -84.044757,
                        9.943805
                    ],
                    [
                        -84.044884,
                        9.943881
                    ],
                    [
                        -84.044952,
                        9.943969
                    ],
                    [
                        -84.044999,
                        9.9444
                    ],
                    [
                        -84.045011,
                        9.944576
                    ],
                    [
                        -84.045007,
                        9.944953
                    ],
                    [
                        -84.04508,
                        9.945038
                    ],
                    [
                        -84.045408,
                        9.945073
                    ],
                    [
                        -84.045502,
                        9.945097
                    ],
                    [
                        -84.045537,
                        9.945165
                    ],
                    [
                        -84.045528,
                        9.945354
                    ],
                    [
                        -84.045501,
                        9.945696
                    ],
                    [
                        -84.045464,
                        9.94576
                    ],
                    [
                        -84.045378,
                        9.945809
                    ],
                    [
                        -84.045251,
                        9.945871
                    ],
                    [
                        -84.045177,
                        9.945946
                    ],
                    [
                        -84.04515,
                        9.946293
                    ],
                    [
                        -84.045162,
                        9.94639
                    ],
                    [
                        -84.045202,
                        9.94645
                    ],
                    [
                        -84.045239,
                        9.946484
                    ]
                ]
            }
        },
        {
            "type": "Feature",
            "properties": {
                "id": "desde_odontologia_a_artes"
            },
            "geometry": {
                "type": "LineString",
                "coordinates": [
                    [
                        -84.045279,
                        9.946514
                    ],
                    [
                        -84.045364,
                        9.94657
                    ],
                    [
                        -84.045513,
                        9.946688
                    ],
                    [
                        -84.045633,
                        9.946778
                    ],
                    [
                        -84.045829,
                        9.946921
                    ],
                    [
                        -84.045878,
                        9.946997
                    ],
                    [
                        -84.045873,
                        9.947093
                    ],
                    [
                        -84.045775,
                        9.947222
                    ],
                    [
                        -84.045677,
                        9.947335
                    ],
                    [
                        -84.045581,
                        9.947352
                    ],
                    [
                        -84.045484,
                        9.947317
                    ],
                    [
                        -84.045155,
                        9.947064
                    ],
                    [
                        -84.044939,
                        9.946958
                    ],
                    [
                        -84.044793,
                        9.946856
                    ],
                    [
                        -84.044713,
                        9.946747
                    ],
                    [
                        -84.044693,
                        9.946638
                    ],
                    [
                        -84.044705,
                        9.946585
                    ],
                    [
                        -84.044747,
                        9.946525
                    ],
                    [
                        -84.044798,
                        9.946309
                    ],
                    [
                        -84.044824,
                        9.946065
                    ],
                    [
                        -84.045164,
                        9.946079
                    ],
                    [
                        -84.045184,
                        9.945947
                    ],
                    [
                        -84.045254,
                        9.945876
                    ],
                    [
                        -84.04546,
                        9.945778
                    ],
                    [
                        -84.045513,
                        9.945699
                    ],
                    [
                        -84.045525,
                        9.945452
                    ],
                    [
                        -84.045541,
                        9.945168
                    ],
                    [
                        -84.045504,
                        9.945088
                    ],
                    [
                        -84.045384,
                        9.945055
                    ],
                    [
                        -84.045085,
                        9.945027
                    ],
                    [
                        -84.04505,
                        9.944995
                    ],
                    [
                        -84.045021,
                        9.94495
                    ],
                    [
                        -84.045015,
                        9.944674
                    ],
                    [
                        -84.045004,
                        9.944358
                    ],
                    [
                        -84.044929,
                        9.943473
                    ],
                    [
                        -84.044898,
                        9.942958
                    ],
                    [
                        -84.044859,
                        9.9423
                    ],
                    [
                        -84.044822,
                        9.941712
                    ],
                    [
                        -84.044776,
                        9.940965
                    ],
                    [
                        -84.044874,
                        9.940907
                    ],
                    [
                        -84.044987,
                        9.940844
                    ],
                    [
                        -84.045217,
                        9.940778
                    ],
                    [
                        -84.045397,
                        9.940722
                    ],
                    [
                        -84.045604,
                        9.94066
                    ],
                    [
                        -84.045633,
                        9.940493
                    ],
                    [
                        -84.045438,
                        9.94044
                    ],
                    [
                        -84.045195,
                        9.940372
                    ],
                    [
                        -84.04482,
                        9.940275
                    ],
                    [
                        -84.044744,
                        9.940224
                    ],
                    [
                        -84.044662,
                        9.940167
                    ],
                    [
                        -84.044418,
                        9.940102
                    ],
                    [
                        -84.044481,
                        9.939877
                    ],
                    [
                        -84.044525,
                        9.939715
                    ],
                    [
                        -84.044639,
                        9.939276
                    ],
                    [
                        -84.044656,
                        9.939205
                    ],
                    [
                        -84.044645,
                        9.939161
                    ],
                    [
                        -84.044619,
                        9.939124
                    ],
                    [
                        -84.044553,
                        9.939116
                    ],
                    [
                        -84.044334,
                        9.939199
                    ],
                    [
                        -84.044006,
                        9.939111
                    ],
                    [
                        -84.043675,
                        9.939019
                    ],
                    [
                        -84.043467,
                        9.938959
                    ],
                    [
                        -84.043369,
                        9.939288
                    ],
                    [
                        -84.043327,
                        9.939421
                    ],
                    [
                        -84.042994,
                        9.939448
                    ],
                    [
                        -84.042737,
                        9.939468
                    ],
                    [
                        -84.042456,
                        9.93949
                    ],
                    [
                        -84.042134,
                        9.939499
                    ],
                    [
                        -84.041927,
                        9.939506
                    ],
                    [
                        -84.041852,
                        9.93933
                    ],
                    [
                        -84.041691,
                        9.939168
                    ],
                    [
                        -84.041441,
                        9.939005
                    ],
                    [
                        -84.041139,
                        9.938826
                    ],
                    [
                        -84.041073,
                        9.938781
                    ],
                    [
                        -84.041021,
                        9.938725
                    ],
                    [
                        -84.040954,
                        9.93861
                    ],
                    [
                        -84.040949,
                        9.938474
                    ],
                    [
                        -84.041034,
                        9.938147
                    ],
                    [
                        -84.041101,
                        9.937907
                    ],
                    [
                        -84.041383,
                        9.937917
                    ],
                    [
                        -84.041629,
                        9.937931
                    ],
                    [
                        -84.041625,
                        9.93802
                    ],
                    [
                        -84.041643,
                        9.93808
                    ],
                    [
                        -84.041679,
                        9.938108
                    ],
                    [
                        -84.041718,
                        9.938133
                    ],
                    [
                        -84.041844,
                        9.938163
                    ],
                    [
                        -84.041958,
                        9.938168
                    ],
                    [
                        -84.042063,
                        9.938162
                    ],
                    [
                        -84.042174,
                        9.938143
                    ],
                    [
                        -84.042432,
                        9.938031
                    ],
                    [
                        -84.042478,
                        9.938008
                    ],
                    [
                        -84.042659,
                        9.93798
                    ],
                    [
                        -84.043058,
                        9.937917
                    ],
                    [
                        -84.043196,
                        9.937894
                    ],
                    [
                        -84.043436,
                        9.937923
                    ],
                    [
                        -84.04351,
                        9.937933
                    ],
                    [
                        -84.043607,
                        9.937969
                    ],
                    [
                        -84.043796,
                        9.938111
                    ],
                    [
                        -84.044053,
                        9.937961
                    ],
                    [
                        -84.044384,
                        9.937771
                    ],
                    [
                        -84.04472,
                        9.937582
                    ],
                    [
                        -84.044964,
                        9.93745
                    ],
                    [
                        -84.045146,
                        9.937342
                    ],
                    [
                        -84.045271,
                        9.937254
                    ],
                    [
                        -84.045426,
                        9.937108
                    ],
                    [
                        -84.045559,
                        9.936927
                    ],
                    [
                        -84.045587,
                        9.936854
                    ],
                    [
                        -84.045592,
                        9.936774
                    ],
                    [
                        -84.045568,
                        9.93668
                    ],
                    [
                        -84.045448,
                        9.936465
                    ],
                    [
                        -84.045389,
                        9.936366
                    ],
                    [
                        -84.04537,
                        9.936323
                    ],
                    [
                        -84.045362,
                        9.936298
                    ],
                    [
                        -84.045353,
                        9.936247
                    ],
                    [
                        -84.045357,
                        9.936187
                    ],
                    [
                        -84.045393,
                        9.936035
                    ],
                    [
                        -84.045438,
                        9.93578
                    ],
                    [
                        -84.045462,
                        9.935652
                    ],
                    [
                        -84.045529,
                        9.935585
                    ],
                    [
                        -84.045641,
                        9.935338
                    ],
                    [
                        -84.045641,
                        9.935011
                    ],
                    [
                        -84.045609,
                        9.93496
                    ],
                    [
                        -84.04562,
                        9.934649
                    ],
                    [
                        -84.046295,
                        9.934802
                    ],
                    [
                        -84.047099,
                        9.934956
                    ],
                    [
                        -84.047738,
                        9.935145
                    ],
                    [
                        -84.048129,
                        9.935276
                    ],
                    [
                        -84.048385,
                        9.935316
                    ],
                    [
                        -84.04863,
                        9.9353
                    ],
                    [
                        -84.048649,
                        9.935455
                    ],
                    [
                        -84.048806,
                        9.93547
                    ],
                    [
                        -84.049083,
                        9.935537
                    ],
                    [
                        -84.049316,
                        9.935598
                    ],
                    [
                        -84.049592,
                        9.935702
                    ],
                    [
                        -84.049679,
                        9.93571
                    ],
                    [
                        -84.04997,
                        9.93571
                    ],
                    [
                        -84.050095,
                        9.935703
                    ],
                    [
                        -84.050342,
                        9.935667
                    ],
                    [
                        -84.050647,
                        9.935607
                    ],
                    [
                        -84.051074,
                        9.935533
                    ],
                    [
                        -84.051308,
                        9.935493
                    ],
                    [
                        -84.051546,
                        9.935463
                    ],
                    [
                        -84.051653,
                        9.93545
                    ],
                    [
                        -84.051761,
                        9.935448
                    ],
                    [
                        -84.051983,
                        9.935472
                    ],
                    [
                        -84.052108,
                        9.935489
                    ],
                    [
                        -84.052183,
                        9.935502
                    ]
                ]
            }
        },
        {
            "type": "Feature",
            "properties": {
                "id": "desde_odontologia_a_educacion"
            },
            "geometry": {
                "type": "LineString",
                "coordinates": [
                    [
                        -84.045271,
                        9.946515
                    ],
                    [
                        -84.045359,
                        9.946571
                    ],
                    [
                        -84.045532,
                        9.946705
                    ],
                    [
                        -84.045743,
                        9.94686
                    ],
                    [
                        -84.045825,
                        9.946921
                    ],
                    [
                        -84.045875,
                        9.946998
                    ],
                    [
                        -84.04587,
                        9.947092
                    ],
                    [
                        -84.045676,
                        9.947333
                    ],
                    [
                        -84.045582,
                        9.94735
                    ],
                    [
                        -84.045481,
                        9.947317
                    ],
                    [
                        -84.045152,
                        9.947063
                    ],
                    [
                        -84.044935,
                        9.946956
                    ],
                    [
                        -84.044794,
                        9.946857
                    ],
                    [
                        -84.044712,
                        9.946749
                    ],
                    [
                        -84.04469,
                        9.946639
                    ],
                    [
                        -84.044704,
                        9.946585
                    ],
                    [
                        -84.044744,
                        9.946526
                    ],
                    [
                        -84.044796,
                        9.946311
                    ],
                    [
                        -84.044818,
                        9.946079
                    ],
                    [
                        -84.04482,
                        9.946063
                    ],
                    [
                        -84.045162,
                        9.946076
                    ],
                    [
                        -84.045179,
                        9.945948
                    ],
                    [
                        -84.04525,
                        9.945877
                    ],
                    [
                        -84.045457,
                        9.945778
                    ],
                    [
                        -84.045509,
                        9.9457
                    ],
                    [
                        -84.045539,
                        9.945167
                    ],
                    [
                        -84.045502,
                        9.945089
                    ],
                    [
                        -84.045382,
                        9.945057
                    ],
                    [
                        -84.045081,
                        9.945029
                    ],
                    [
                        -84.045017,
                        9.944952
                    ],
                    [
                        -84.045016,
                        9.94472
                    ],
                    [
                        -84.044987,
                        9.944257
                    ],
                    [
                        -84.044957,
                        9.943896
                    ],
                    [
                        -84.04492,
                        9.943385
                    ],
                    [
                        -84.044877,
                        9.942615
                    ],
                    [
                        -84.044839,
                        9.942042
                    ],
                    [
                        -84.044802,
                        9.941377
                    ],
                    [
                        -84.044777,
                        9.940961
                    ],
                    [
                        -84.045045,
                        9.940822
                    ],
                    [
                        -84.045605,
                        9.940655
                    ],
                    [
                        -84.045635,
                        9.940483
                    ],
                    [
                        -84.045228,
                        9.940378
                    ],
                    [
                        -84.044823,
                        9.94027
                    ],
                    [
                        -84.044664,
                        9.940163
                    ],
                    [
                        -84.044417,
                        9.940102
                    ],
                    [
                        -84.044526,
                        9.939717
                    ],
                    [
                        -84.044622,
                        9.939329
                    ],
                    [
                        -84.044655,
                        9.939204
                    ],
                    [
                        -84.044646,
                        9.939157
                    ],
                    [
                        -84.044616,
                        9.939125
                    ],
                    [
                        -84.044564,
                        9.93911
                    ],
                    [
                        -84.044335,
                        9.939196
                    ],
                    [
                        -84.043697,
                        9.939024
                    ],
                    [
                        -84.043465,
                        9.938959
                    ],
                    [
                        -84.043369,
                        9.939279
                    ],
                    [
                        -84.043325,
                        9.939421
                    ],
                    [
                        -84.043078,
                        9.939438
                    ],
                    [
                        -84.04247,
                        9.939497
                    ],
                    [
                        -84.042339,
                        9.939502
                    ],
                    [
                        -84.042196,
                        9.939505
                    ],
                    [
                        -84.04206,
                        9.939509
                    ],
                    [
                        -84.041924,
                        9.939506
                    ],
                    [
                        -84.041853,
                        9.939327
                    ],
                    [
                        -84.041687,
                        9.939164
                    ],
                    [
                        -84.041503,
                        9.939044
                    ],
                    [
                        -84.041136,
                        9.938827
                    ],
                    [
                        -84.041071,
                        9.938778
                    ],
                    [
                        -84.041019,
                        9.938724
                    ],
                    [
                        -84.040955,
                        9.938607
                    ],
                    [
                        -84.040946,
                        9.938477
                    ],
                    [
                        -84.040985,
                        9.938317
                    ],
                    [
                        -84.041098,
                        9.937905
                    ],
                    [
                        -84.041372,
                        9.937915
                    ],
                    [
                        -84.041623,
                        9.93793
                    ],
                    [
                        -84.041621,
                        9.938019
                    ],
                    [
                        -84.041639,
                        9.93808
                    ],
                    [
                        -84.041714,
                        9.938133
                    ],
                    [
                        -84.041766,
                        9.938149
                    ],
                    [
                        -84.04184,
                        9.938165
                    ],
                    [
                        -84.041955,
                        9.938171
                    ],
                    [
                        -84.042062,
                        9.938164
                    ],
                    [
                        -84.042173,
                        9.938146
                    ],
                    [
                        -84.042359,
                        9.938065
                    ],
                    [
                        -84.042475,
                        9.938009
                    ],
                    [
                        -84.042628,
                        9.937985
                    ],
                    [
                        -84.042968,
                        9.937933
                    ],
                    [
                        -84.043187,
                        9.937893
                    ],
                    [
                        -84.043426,
                        9.937923
                    ],
                    [
                        -84.043514,
                        9.937936
                    ],
                    [
                        -84.043605,
                        9.937968
                    ],
                    [
                        -84.043795,
                        9.93811
                    ],
                    [
                        -84.044044,
                        9.937963
                    ],
                    [
                        -84.04435,
                        9.937789
                    ],
                    [
                        -84.044704,
                        9.937591
                    ],
                    [
                        -84.044977,
                        9.937439
                    ],
                    [
                        -84.045144,
                        9.937341
                    ],
                    [
                        -84.04527,
                        9.937252
                    ],
                    [
                        -84.045423,
                        9.937104
                    ],
                    [
                        -84.04548,
                        9.937033
                    ],
                    [
                        -84.045556,
                        9.936927
                    ],
                    [
                        -84.045587,
                        9.936853
                    ],
                    [
                        -84.045591,
                        9.936772
                    ],
                    [
                        -84.045567,
                        9.936679
                    ],
                    [
                        -84.045487,
                        9.936529
                    ],
                    [
                        -84.045449,
                        9.936467
                    ],
                    [
                        -84.045413,
                        9.9364
                    ],
                    [
                        -84.045378,
                        9.936343
                    ],
                    [
                        -84.045362,
                        9.936296
                    ],
                    [
                        -84.045351,
                        9.936244
                    ],
                    [
                        -84.045354,
                        9.936186
                    ],
                    [
                        -84.045389,
                        9.936039
                    ],
                    [
                        -84.045431,
                        9.935804
                    ],
                    [
                        -84.045459,
                        9.935654
                    ],
                    [
                        -84.045525,
                        9.935584
                    ],
                    [
                        -84.04558,
                        9.935472
                    ],
                    [
                        -84.045638,
                        9.935339
                    ],
                    [
                        -84.045638,
                        9.935011
                    ],
                    [
                        -84.045609,
                        9.934957
                    ],
                    [
                        -84.045617,
                        9.93465
                    ],
                    [
                        -84.046134,
                        9.934771
                    ],
                    [
                        -84.046818,
                        9.934904
                    ],
                    [
                        -84.047111,
                        9.934959
                    ],
                    [
                        -84.04746,
                        9.935058
                    ],
                    [
                        -84.04789,
                        9.935199
                    ],
                    [
                        -84.048128,
                        9.935274
                    ],
                    [
                        -84.048378,
                        9.935315
                    ],
                    [
                        -84.048625,
                        9.935298
                    ],
                    [
                        -84.048643,
                        9.935454
                    ],
                    [
                        -84.0488,
                        9.93547
                    ],
                    [
                        -84.049044,
                        9.935532
                    ]
                ]
            }
        },
        {
            "type": "Feature",
            "properties": {
                "id": "desde_edufi_a_educacion"
            },
            "geometry": {
                "type": "LineString",
                "coordinates": [
                    [
                        -84.04492,
                        9.943385
                    ],
                    [
                        -84.044877,
                        9.942615
                    ],
                    [
                        -84.044839,
                        9.942042
                    ],
                    [
                        -84.044802,
                        9.941377
                    ],
                    [
                        -84.044777,
                        9.940961
                    ],
                    [
                        -84.045045,
                        9.940822
                    ],
                    [
                        -84.045605,
                        9.940655
                    ],
                    [
                        -84.045635,
                        9.940483
                    ],
                    [
                        -84.045228,
                        9.940378
                    ],
                    [
                        -84.044823,
                        9.94027
                    ],
                    [
                        -84.044664,
                        9.940163
                    ],
                    [
                        -84.044417,
                        9.940102
                    ],
                    [
                        -84.044526,
                        9.939717
                    ],
                    [
                        -84.044622,
                        9.939329
                    ],
                    [
                        -84.044655,
                        9.939204
                    ],
                    [
                        -84.044646,
                        9.939157
                    ],
                    [
                        -84.044616,
                        9.939125
                    ],
                    [
                        -84.044564,
                        9.93911
                    ],
                    [
                        -84.044335,
                        9.939196
                    ],
                    [
                        -84.043697,
                        9.939024
                    ],
                    [
                        -84.043465,
                        9.938959
                    ],
                    [
                        -84.043369,
                        9.939279
                    ],
                    [
                        -84.043325,
                        9.939421
                    ],
                    [
                        -84.043078,
                        9.939438
                    ],
                    [
                        -84.04247,
                        9.939497
                    ],
                    [
                        -84.042339,
                        9.939502
                    ],
                    [
                        -84.042196,
                        9.939505
                    ],
                    [
                        -84.04206,
                        9.939509
                    ],
                    [
                        -84.041924,
                        9.939506
                    ],
                    [
                        -84.041853,
                        9.939327
                    ],
                    [
                        -84.041687,
                        9.939164
                    ],
                    [
                        -84.041503,
                        9.939044
                    ],
                    [
                        -84.041136,
                        9.938827
                    ],
                    [
                        -84.041071,
                        9.938778
                    ],
                    [
                        -84.041019,
                        9.938724
                    ],
                    [
                        -84.040955,
                        9.938607
                    ],
                    [
                        -84.040946,
                        9.938477
                    ],
                    [
                        -84.040985,
                        9.938317
                    ],
                    [
                        -84.041098,
                        9.937905
                    ],
                    [
                        -84.041372,
                        9.937915
                    ],
                    [
                        -84.041623,
                        9.93793
                    ],
                    [
                        -84.041621,
                        9.938019
                    ],
                    [
                        -84.041639,
                        9.93808
                    ],
                    [
                        -84.041714,
                        9.938133
                    ],
                    [
                        -84.041766,
                        9.938149
                    ],
                    [
                        -84.04184,
                        9.938165
                    ],
                    [
                        -84.041955,
                        9.938171
                    ],
                    [
                        -84.042062,
                        9.938164
                    ],
                    [
                        -84.042173,
                        9.938146
                    ],
                    [
                        -84.042359,
                        9.938065
                    ],
                    [
                        -84.042475,
                        9.938009
                    ],
                    [
                        -84.042628,
                        9.937985
                    ],
                    [
                        -84.042968,
                        9.937933
                    ],
                    [
                        -84.043187,
                        9.937893
                    ],
                    [
                        -84.043426,
                        9.937923
                    ],
                    [
                        -84.043514,
                        9.937936
                    ],
                    [
                        -84.043605,
                        9.937968
                    ],
                    [
                        -84.043795,
                        9.93811
                    ],
                    [
                        -84.044044,
                        9.937963
                    ],
                    [
                        -84.04435,
                        9.937789
                    ],
                    [
                        -84.044704,
                        9.937591
                    ],
                    [
                        -84.044977,
                        9.937439
                    ],
                    [
                        -84.045144,
                        9.937341
                    ],
                    [
                        -84.04527,
                        9.937252
                    ],
                    [
                        -84.045423,
                        9.937104
                    ],
                    [
                        -84.04548,
                        9.937033
                    ],
                    [
                        -84.045556,
                        9.936927
                    ],
                    [
                        -84.045587,
                        9.936853
                    ],
                    [
                        -84.045591,
                        9.936772
                    ],
                    [
                        -84.045567,
                        9.936679
                    ],
                    [
                        -84.045487,
                        9.936529
                    ],
                    [
                        -84.045449,
                        9.936467
                    ],
                    [
                        -84.045413,
                        9.9364
                    ],
                    [
                        -84.045378,
                        9.936343
                    ],
                    [
                        -84.045362,
                        9.936296
                    ],
                    [
                        -84.045351,
                        9.936244
                    ],
                    [
                        -84.045354,
                        9.936186
                    ],
                    [
                        -84.045389,
                        9.936039
                    ],
                    [
                        -84.045431,
                        9.935804
                    ],
                    [
                        -84.045459,
                        9.935654
                    ],
                    [
                        -84.045525,
                        9.935584
                    ],
                    [
                        -84.04558,
                        9.935472
                    ],
                    [
                        -84.045638,
                        9.935339
                    ],
                    [
                        -84.045638,
                        9.935011
                    ],
                    [
                        -84.045609,
                        9.934957
                    ],
                    [
                        -84.045617,
                        9.93465
                    ],
                    [
                        -84.046134,
                        9.934771
                    ],
                    [
                        -84.046818,
                        9.934904
                    ],
                    [
                        -84.047111,
                        9.934959
                    ],
                    [
                        -84.04746,
                        9.935058
                    ],
                    [
                        -84.04789,
                        9.935199
                    ],
                    [
                        -84.048128,
                        9.935274
                    ],
                    [
                        -84.048378,
                        9.935315
                    ],
                    [
                        -84.048625,
                        9.935298
                    ],
                    [
                        -84.048643,
                        9.935454
                    ],
                    [
                        -84.0488,
                        9.93547
                    ],
                    [
                        -84.049044,
                        9.935532
                    ]
                ]
            }
        }
    ]
}